{
	"info": {
		"_postman_id": "b24e7fbe-ce2f-4c60-b9cb-a46e443b5cfe",
		"name": "oxford-app-api",
		"schema": "https://schema.getpostman.com/json/collection/v2.1.0/collection.json"
	},
	"item": [
		{
			"name": "User",
			"item": [
				{
					"name": "Register an Admin User",
					"request": {
						"method": "POST",
						"header": [
							{
								"key": "Content-Type",
								"name": "Content-Type",
								"value": "application/json",
								"type": "text"
							}
						],
						"body": {
							"mode": "raw",
							"raw": "  {\r\n    \"user\":\r\n      {\r\n      \t\"name\": \"Oscar Michel Herrera\",\r\n        \"email\": \"oscar@mail.com\",\r\n        \"password\": \"123456\",\r\n        \"password_confirmation\": \"123456\",\r\n        \"role\": \"ADMIN\",\r\n        \"admin_campus\": \"MONTERREY\"\r\n      }\r\n\r\n  }"
						},
						"url": {
							"raw": "{{serverURL}}/v1/users",
							"host": [
								"{{serverURL}}"
							],
							"path": [
								"v1",
								"users"
							]
						},
						"description": "Register users"
					},
					"response": []
				},
				{
					"name": "Register a Parent User",
					"request": {
						"method": "POST",
						"header": [
							{
								"key": "Content-Type",
								"name": "Content-Type",
								"type": "text",
								"value": "application/json"
							}
						],
						"body": {
							"mode": "raw",
							"raw": "  {\r\n    \"user\":\r\n      {\r\n      \t\"name\": \"Papa De Ejemplo\",\r\n        \"email\": \"exampleParent@mail.com\",\r\n        \"password\": \"123456\",\r\n        \"password_confirmation\": \"123456\",\r\n        \"role\": \"PARENT\",\r\n        \"relationship\": \"PADRE\",\r\n        \"family_key\": \"3682\"\r\n      }\r\n\r\n  }"
						},
						"url": {
							"raw": "{{serverURL}}/v1/users",
							"host": [
								"{{serverURL}}"
							],
							"path": [
								"v1",
								"users"
							]
						},
						"description": "Register users"
					},
					"response": []
				},
				{
					"name": "Regiser a Parent from Excel",
					"request": {
						"method": "POST",
						"header": [
							{
								"key": "Authorization",
								"type": "text",
								"value": "eyJhbGciOiJIUzI1NiJ9.eyJ1c2VyX2lkIjoxLCJleHAiOjE1NzI0NjQ3OTYsImVtYWlsIjoib3NjYXJAbWFpbC5jb20ifQ.bZfceLvBiCgcru-MxKGbniuI125WC5SA72e-4xCP7lE"
							},
							{
								"key": "Content-Type",
								"name": "Content-Type",
								"type": "text",
								"value": "application/json"
							}
						],
						"body": {
							"mode": "formdata",
							"formdata": [
								{
									"key": "file",
									"type": "file",
									"src": "/C:/Users/KD62690/Desktop/parent_user.xls"
								}
							]
						},
						"url": {
							"raw": "{{serverURL}}/v1/users/create_users_from_xls",
							"host": [
								"{{serverURL}}"
							],
							"path": [
								"v1",
								"users",
								"create_users_from_xls"
							]
						},
						"description": "Register users"
					},
					"response": []
				},
				{
					"name": "Login user",
					"request": {
						"method": "POST",
						"header": [
							{
								"key": "Content-Type",
								"name": "Content-Type",
								"value": "application/json",
								"type": "text"
							}
						],
						"body": {
							"mode": "raw",
							"raw": "{\n\t\"email\": \"oscar@mail.com\",\n\t\"password\": \"123456\",\n\t\"family_key\": \"\"\n}"
						},
						"url": {
							"raw": "{{serverURL}}/v1/sessions",
							"host": [
								"{{serverURL}}"
							],
							"path": [
								"v1",
								"sessions"
							]
						}
					},
					"response": []
				},
				{
					"name": "Show user",
					"request": {
						"method": "GET",
						"header": [
							{
								"key": "Authorization",
								"value": "eyJhbGciOiJIUzI1NiJ9.eyJ1c2VyX2lkIjo1NywiZXhwIjoxNTcwNzcxNjYwLCJlbWFpbCI6ImFsZm9uc29jYW50dUBveGZvcmRzY2hvb2wuZWR1Lm14In0.fckvFPyw4B4sL9LnLJPhW3RVU8PsuWti9_yj2TG2vZI",
								"type": "text"
							}
						],
						"url": {
							"raw": "{{serverURL}}/v1/sessions/:id",
							"host": [
								"{{serverURL}}"
							],
							"path": [
								"v1",
								"sessions",
								":id"
							],
							"variable": [
								{
									"key": "id",
									"value": "57"
								}
							]
						},
						"description": "Show user"
					},
					"response": []
				},
				{
					"name": "Get users list",
					"request": {
						"method": "GET",
						"header": [
							{
								"key": "Authorization",
								"value": "eyJhbGciOiJIUzI1NiJ9.eyJ1c2VyX2lkIjoxLCJleHAiOjE1Njk5MDQ2NjEsImVtYWlsIjoib3NjYXJAbWFpbC5jb20ifQ.U1xcygqzEGeISObg7r2cfcXKmTApntxGBAh07pLk_m4",
								"type": "text"
							}
						],
						"url": {
							"raw": "{{serverURL}}/v1/users",
							"host": [
								"{{serverURL}}"
							],
							"path": [
								"v1",
								"users"
							]
						}
					},
					"response": []
				},
				{
					"name": "Edit user",
					"request": {
						"method": "PUT",
						"header": [
							{
								"key": "Authorization",
								"value": "eyJhbGciOiJIUzI1NiJ9.eyJ1c2VyX2lkIjoxLCJleHAiOjE1NjUxNDQ3NTYsImVtYWlsIjoib3NjYXJfdGVzdEBtYWlsLmNvbSJ9.NDTPgm6ZbbZmO2TlcBqWG09mwfaSjRh16V7HPC5DYiE",
								"type": "text"
							},
							{
								"key": "Content-Type",
								"name": "Content-Type",
								"value": "application/json",
								"type": "text"
							}
						],
						"body": {
							"mode": "raw",
							"raw": "  {\r\n    \"user\":\r\n      {\r\n      \t\"name\": \"Oscar Michel Herrera3\",\r\n        \"email\": \"oscar@mail.com\",\r\n        \"password\": \"123456\",\r\n        \"role\": \"admin\",\r\n        \"family_key\": \"XXXX\"\r\n      }\r\n\r\n  }"
						},
						"url": {
							"raw": "{{serverURL}}/v1/users/:id",
							"host": [
								"{{serverURL}}"
							],
							"path": [
								"v1",
								"users",
								":id"
							],
							"variable": [
								{
									"key": "id",
									"value": "1"
								}
							]
						},
						"description": "Show user"
					},
					"response": []
				}
			],
			"protocolProfileBehavior": {}
		},
		{
			"name": "Kid",
			"item": [
				{
					"name": "Get kids list",
					"request": {
						"method": "GET",
						"header": [
							{
								"key": "Authorization",
								"value": "eyJhbGciOiJIUzI1NiJ9.eyJ1c2VyX2lkIjoxLCJleHAiOjE1NzU0OTM1MzgsImVtYWlsIjoib3NjYXJAbWFpbC5jb20ifQ.3QFnq-Cd3CuBxVQWJVIlyEmcJKiGEXpPB889G3PgCww",
								"type": "text"
							}
						],
						"url": {
							"raw": "{{serverURL}}/v1/kids",
							"host": [
								"{{serverURL}}"
							],
							"path": [
								"v1",
								"kids"
							]
						}
					},
					"response": []
				},
				{
					"name": "Regiser a Kid",
					"request": {
						"method": "POST",
						"header": [
							{
								"key": "Authorization",
								"value": "eyJhbGciOiJIUzI1NiJ9.eyJ1c2VyX2lkIjo0MTAwLCJleHAiOjE1NjgxODU4NjQsImVtYWlsIjoib3NjYXIyQG1haWwuY29tIn0.6caJEu3EX5khu1Ue6O5hAUk9re8XeCtDlXqjJXucb7Y",
								"type": "text"
							},
							{
								"key": "Content-Type",
								"name": "Content-Type",
								"type": "text",
								"value": "application/json"
							}
						],
						"body": {
							"mode": "raw",
							"raw": "  {\r\n    \"kid\":\r\n      {\r\n      \t\"name\": \"JUNIOR\",\r\n      \t\"father_last_name\": \"HERNANDEZ\",\r\n      \t\"mother_last_name\": \"MARTINEZ\",\r\n        \"grade\": \"1\",\r\n        \"group\": \"A\",\r\n        \"family_key\": \"AAAA\",\r\n        \"campus\": \"MONTERREY\",\r\n        \"student_id\": \"A00XXXXXX\"\r\n      }\r\n  }"
						},
						"url": {
							"raw": "{{serverURL}}/v1/kids",
							"host": [
								"{{serverURL}}"
							],
							"path": [
								"v1",
								"kids"
							]
						},
						"description": "Register users"
					},
					"response": []
				},
				{
					"name": "Regiser a Kid from Excel",
					"request": {
						"method": "POST",
						"header": [
							{
								"key": "Authorization",
								"type": "text",
								"value": "eyJhbGciOiJIUzI1NiJ9.eyJ1c2VyX2lkIjoxLCJleHAiOjE1NzA5Mzk5NDcsImVtYWlsIjoib3NjYXJAbWFpbC5jb20ifQ.p5espARZac-EFdaS1cDn_NCLatIP1jeOzoj7ECSIOUk"
							},
							{
								"key": "Content-Type",
								"name": "Content-Type",
								"type": "text",
								"value": "application/json"
							}
						],
						"body": {
							"mode": "formdata",
							"formdata": [
								{
									"key": "file",
									"type": "file",
									"src": "/C:/Users/KD62690/Downloads/restoAlumnos.xls"
								}
							]
						},
						"url": {
							"raw": "{{serverURL}}/v1/kids/create_kids_from_xls",
							"host": [
								"{{serverURL}}"
							],
							"path": [
								"v1",
								"kids",
								"create_kids_from_xls"
							]
						},
						"description": "Register users"
					},
					"response": []
				},
				{
					"name": "Show kid",
					"request": {
						"method": "GET",
						"header": [
							{
								"key": "Authorization",
								"type": "text",
								"value": "eyJhbGciOiJIUzI1NiJ9.eyJ1c2VyX2lkIjoxLCJleHAiOjE1NjUxNDQ3NTYsImVtYWlsIjoib3NjYXJfdGVzdEBtYWlsLmNvbSJ9.NDTPgm6ZbbZmO2TlcBqWG09mwfaSjRh16V7HPC5DYiE"
							}
						],
						"url": {
							"raw": "{{serverURL}}/v1/kids/:id",
							"host": [
								"{{serverURL}}"
							],
							"path": [
								"v1",
								"kids",
								":id"
							],
							"variable": [
								{
									"key": "id",
									"value": "2"
								}
							]
						},
						"description": "Show kid"
					},
					"response": []
				},
				{
					"name": "Show kids by family key",
					"request": {
						"method": "GET",
						"header": [
							{
								"key": "Authorization",
								"type": "text",
								"value": "eyJhbGciOiJIUzI1NiJ9.eyJ1c2VyX2lkIjo0OSwiZXhwIjoxNTY2NzgxMTUxLCJlbWFpbCI6InJvam9Acm9qby5yb2pvIn0.76h03J-_CZv9diIqwzz0pwrXELQNxRkzL5Q56DvvQZk"
							}
						],
						"url": {
							"raw": "{{serverURL}}/v1/kids/by_family_key/:family_key",
							"host": [
								"{{serverURL}}"
							],
							"path": [
								"v1",
								"kids",
								"by_family_key",
								":family_key"
							],
							"variable": [
								{
									"key": "family_key",
									"value": "A5A5"
								}
							]
						},
						"description": "Show kid"
					},
					"response": []
				},
				{
					"name": "Edit child",
					"request": {
						"method": "PUT",
						"header": [
							{
								"key": "Authorization",
								"type": "text",
								"value": "eyJhbGciOiJIUzI1NiJ9.eyJ1c2VyX2lkIjoxLCJleHAiOjE1NjUxNDQ3NTYsImVtYWlsIjoib3NjYXJfdGVzdEBtYWlsLmNvbSJ9.NDTPgm6ZbbZmO2TlcBqWG09mwfaSjRh16V7HPC5DYiE"
							},
							{
								"key": "Content-Type",
								"name": "Content-Type",
								"type": "text",
								"value": "application/json"
							}
						],
						"body": {
							"mode": "raw",
							"raw": "  {\r\n    \"kid\":\r\n      {\r\n      \t\"name\": \"Junior\",\r\n        \"grade\": \"1\",\r\n        \"group\": \"A\",\r\n        \"family_key\": \"BBBB\",\r\n        \"campus\": \"santa catarina\"\r\n      }\r\n  }"
						},
						"url": {
							"raw": "{{serverURL}}/v1/kids/:id",
							"host": [
								"{{serverURL}}"
							],
							"path": [
								"v1",
								"kids",
								":id"
							],
							"variable": [
								{
									"key": "id",
									"value": "1"
								}
							]
						},
						"description": "Show user"
					},
					"response": []
				}
			],
			"protocolProfileBehavior": {}
		},
		{
			"name": "Notification",
			"item": [
				{
					"name": "Get notifications list",
					"request": {
						"method": "GET",
						"header": [
							{
								"key": "Authorization",
								"value": "eyJhbGciOiJIUzI1NiJ9.eyJ1c2VyX2lkIjoxLCJleHAiOjE1NzcyMTA0MjUsImVtYWlsIjoib3NjYXJAbWFpbC5jb20ifQ._ENbdRNKpwtvmnom7dj1tdD4b2tcNvPIcGk4FsvK8oo",
								"type": "text"
							}
						],
						"url": {
							"raw": "{{serverURL}}/v1/notifications",
							"host": [
								"{{serverURL}}"
							],
							"path": [
								"v1",
								"notifications"
							]
						}
					},
					"response": []
				},
				{
					"name": "Query notification by parameter",
					"request": {
						"method": "POST",
						"header": [
							{
								"key": "Authorization",
								"type": "text",
								"value": "eyJhbGciOiJIUzI1NiJ9.eyJ1c2VyX2lkIjoxLCJleHAiOjE1NzcyMTA0MjUsImVtYWlsIjoib3NjYXJAbWFpbC5jb20ifQ._ENbdRNKpwtvmnom7dj1tdD4b2tcNvPIcGk4FsvK8oo"
							},
							{
								"key": "Content-Type",
								"name": "Content-Type",
								"type": "text",
								"value": "application/json"
							},
							{
								"key": "Accept",
								"type": "text",
								"value": "application/json",
								"disabled": true
							}
						],
						"body": {
							"mode": "raw",
							"raw": "  {\n\t\"roles\": [\"ADMIN\"],\n\t\"categories\": [],\n  \t\"title\": \"\",\n  \t\"description\": \"\",\n  \t\"publication_date\": \"\",\n    \"campuses\": [],\n    \"grades\": [],\n    \"groups\": [],\n    \"family_keys\": [],\n    \"from_date\":\"\",\n    \"until_date\":\"\"\n  }",
							"options": {
								"raw": {
									"language": "json"
								}
							}
						},
						"url": {
							"raw": "{{serverURL}}/v1/notifications/by_parameter",
							"host": [
								"{{serverURL}}"
							],
							"path": [
								"v1",
								"notifications",
								"by_parameter"
							]
						}
					},
					"response": []
				},
				{
					"name": "Create a notification",
					"request": {
						"method": "POST",
						"header": [
							{
								"key": "Authorization",
								"type": "text",
								"value": "eyJhbGciOiJIUzI1NiJ9.eyJ1c2VyX2lkIjoxLCJleHAiOjE1NzYxOTI1MDMsImVtYWlsIjoib3NjYXJAbWFpbC5jb20ifQ.DBdOYXZ2f29ZwS-15zztDppH9mouojO4WnSnxQSaNa8"
							},
							{
								"key": "Content-Type",
								"value": "application/json",
								"type": "text"
							}
						],
						"body": {
							"mode": "raw",
							"raw": "{\n    \"notification\":\n      {\n    \t\"category\": \"Comunicados\",\n      \t\"title\": \"Prueba Domingo Familia 1\",\n      \t\"description\": \"Prueba Domingo Familia 1\",\n      \t\"publication_date\": \"2019/12/1\",\n        \"role\": \"PARENT\",\n        \"campuses\": [\"\"],\n        \"grades\": [\"\"],\n        \"groups\": [\"\"],\n        \"family_keys\": [\"610\"],\n        \"student_names\": [\"MONTEMAYOR MONTEMAYOR DANAISA\"]\n      }\n  }"
						},
						"url": {
							"raw": "{{serverURL}}/v1/notifications",
							"host": [
								"{{serverURL}}"
							],
							"path": [
								"v1",
								"notifications"
							]
						},
						"description": "Register users"
					},
					"response": []
				},
				{
					"name": "Create Notifications from Excel",
					"request": {
						"method": "POST",
						"header": [
							{
								"key": "Authorization",
								"type": "text",
								"value": "eyJhbGciOiJIUzI1NiJ9.eyJ1c2VyX2lkIjoxLCJleHAiOjE1NzQ1NzkxNDIsImVtYWlsIjoib3NjYXJAbWFpbC5jb20ifQ.fsdJqmA5CdqNlDfmDeWUmbgDC9IlceIY_qHJlZ91zt8"
							},
							{
								"key": "Content-Type",
								"name": "Content-Type",
								"type": "text",
								"value": "application/json"
							}
						],
						"body": {
							"mode": "formdata",
							"formdata": [
								{
									"key": "file",
									"type": "file",
									"src": "/C:/my_repos/oxford-app-ui/resources/Plantilla.xls"
								}
							]
						},
						"url": {
							"raw": "{{serverURL}}/v1/notifications/create_notifications_from_excel",
							"host": [
								"{{serverURL}}"
							],
							"path": [
								"v1",
								"notifications",
								"create_notifications_from_excel"
							]
						},
						"description": "Create notifications from excel file"
					},
					"response": []
				},
				{
					"name": "Show notification by  user id",
					"request": {
						"method": "GET",
						"header": [
							{
								"key": "Authorization",
								"type": "text",
								"value": "eyJhbGciOiJIUzI1NiJ9.eyJ1c2VyX2lkIjoxLCJleHAiOjE1NzU3NDI4NzQsImVtYWlsIjoib3NjYXJAbWFpbC5jb20ifQ.HUuH5_FTfn73n2PV_oNfFU2p-aeL91qWcWjoWwwyWvY"
							}
						],
						"url": {
							"raw": "{{serverURL}}/v1/notifications/by_user_id/:user_id",
							"host": [
								"{{serverURL}}"
							],
							"path": [
								"v1",
								"notifications",
								"by_user_id",
								":user_id"
							],
							"variable": [
								{
									"key": "user_id",
									"value": "1"
								}
							]
						},
						"description": "Show kid"
					},
					"response": []
				},
				{
					"name": "Show notification counters by user id",
					"request": {
						"method": "GET",
						"header": [
							{
								"key": "Authorization",
								"type": "text",
								"value": "eyJhbGciOiJIUzI1NiJ9.eyJ1c2VyX2lkIjoxLCJleHAiOjE1NzU3NDI4NzQsImVtYWlsIjoib3NjYXJAbWFpbC5jb20ifQ.HUuH5_FTfn73n2PV_oNfFU2p-aeL91qWcWjoWwwyWvY"
							}
						],
						"url": {
							"raw": "{{serverURL}}/v1/notifications/notification_counters/:user_id",
							"host": [
								"{{serverURL}}"
							],
							"path": [
								"v1",
								"notifications",
								"notification_counters",
								":user_id"
							],
							"variable": [
								{
									"key": "user_id",
									"value": "53"
								}
							]
						},
						"description": "Show kid"
					},
					"response": []
				},
				{
					"name": "Update notification parameter",
					"request": {
						"method": "POST",
						"header": [
							{
								"key": "Authorization",
								"type": "text",
								"value": "Bearer eyJhbGciOiJIUzI1NiJ9.eyJ1c2VyX2lkIjo1MywiZXhwIjoxNTcwNjc3MTUwLCJlbWFpbCI6Im9zY2FyQG1haWwuY29tIn0.zxSRKgAbLvwvFYgdaEjIuyOFgsxoanPlzzPf8uTHIhQ",
								"warning": "This is a duplicate header and will be overridden by the Authorization header generated by Postman."
							},
							{
								"key": "Content-Type",
								"name": "Content-Type",
								"value": "application/json",
								"type": "text"
							}
						],
						"body": {
							"mode": "raw",
							"raw": "  {\r\n    \"notification\":\r\n      {\r\n  \t\t\"assist\": true,\r\n    \t\"seen\": false\r\n      }\r\n  }",
							"options": {
								"raw": {
									"language": "json"
								}
							}
						},
						"url": {
							"raw": "{{serverURL}}/v1/notifications/update_notification/:notification_id",
							"host": [
								"{{serverURL}}"
							],
							"path": [
								"v1",
								"notifications",
								"update_notification",
								":notification_id"
							],
							"variable": [
								{
									"key": "notification_id",
									"value": "1"
								}
							]
						},
						"description": "Register users"
					},
					"response": []
				}
			],
			"protocolProfileBehavior": {}
		},
		{
			"name": "Devices",
			"item": [
				{
					"name": "Get all devices",
					"request": {
						"method": "GET",
						"header": [
							{
								"key": "Authorization",
								"type": "text",
								"value": "eyJhbGciOiJIUzI1NiJ9.eyJ1c2VyX2lkIjoxLCJleHAiOjE1NzAzMTAzNDQsImVtYWlsIjoib3NjYXJAbWFpbC5jb20ifQ.UNOENfQckpjZ1uIX8BDAiQ35xrPpZXNU1wDkGFYrOrM"
							}
						],
						"url": {
							"raw": "{{serverURL}}/v1/devices",
							"host": [
								"{{serverURL}}"
							],
							"path": [
								"v1",
								"devices"
							]
						}
					},
					"response": []
				},
				{
					"name": "Get device by id",
					"request": {
						"method": "GET",
						"header": [
							{
								"key": "Authorization",
								"type": "text",
								"value": "eyJhbGciOiJIUzI1NiJ9.eyJ1c2VyX2lkIjoxLCJleHAiOjE1NzAzMTAzNDQsImVtYWlsIjoib3NjYXJAbWFpbC5jb20ifQ.UNOENfQckpjZ1uIX8BDAiQ35xrPpZXNU1wDkGFYrOrM"
							}
						],
						"url": {
							"raw": "{{serverURL}}/v1/devices/:device_id",
							"host": [
								"{{serverURL}}"
							],
							"path": [
								"v1",
								"devices",
								":device_id"
							],
							"variable": [
								{
									"key": "device_id",
									"value": "14"
								}
							]
						}
					},
					"response": []
				},
				{
					"name": "Add device",
					"request": {
						"method": "POST",
						"header": [
							{
								"key": "Authorization",
								"type": "text",
								"value": "eyJhbGciOiJIUzI1NiJ9.eyJ1c2VyX2lkIjoxLCJleHAiOjE1Njk5MDQ2NjEsImVtYWlsIjoib3NjYXJAbWFpbC5jb20ifQ.U1xcygqzEGeISObg7r2cfcXKmTApntxGBAh07pLk_m4",
								"warning": "This is a duplicate header and will be overridden by the Authorization header generated by Postman."
							},
							{
								"key": "Content-Type",
								"type": "text",
								"value": "application/json"
							}
						],
						"body": {
							"mode": "raw",
							"raw": "  {\r\n    \"device\":\r\n      {\r\n    \t\"model\": \"Huawei MATE 20 Pro\",\r\n      \t\"uuid\": \"e12eqscdx1c2ed12edn\",\r\n      \t\"token\": \"dsa12cdedw1e213casdsdc121221\",\r\n      \t\"platform\": \"Android\",\r\n      \t\"user_id\": \"1\"\r\n      }\r\n  }"
						},
						"url": {
							"raw": "{{serverURL}}/v1/devices",
							"host": [
								"{{serverURL}}"
							],
							"path": [
								"v1",
								"devices"
							]
						},
						"description": "Register users"
					},
					"response": []
				}
			],
			"protocolProfileBehavior": {}
		},
		{
			"name": "Campus",
			"item": [
				{
					"name": "GetAllCampus",
					"request": {
						"method": "GET",
						"header": [],
						"url": {
							"raw": "{{serverURL}}/v1/campus",
							"host": [
								"{{serverURL}}"
							],
							"path": [
								"v1",
								"campus"
							]
						}
					},
					"response": []
				},
				{
					"name": "CreateCampus",
					"request": {
						"method": "POST",
						"header": [
							{
								"key": "Authorization",
								"type": "text",
								"value": "eyJhbGciOiJIUzI1NiJ9.eyJ1c2VyX2lkIjoxLCJleHAiOjE1Nzc1NjUxNDQsImVtYWlsIjoib3NjYXJAbWFpbC5jb20ifQ.gb-O1ulE9_wNJ-Y57K2I7hzzajurIWV_fLEy8PVnYtU"
							},
							{
								"key": "Content-Type",
								"type": "text",
								"value": "application/json"
							}
						],
						"body": {
							"mode": "raw",
							"raw": "{\n    \"campus\":\n      {\n    \t\"name\": \"BARRAGAN\",\n      \t\"groups\": \"1A, 1B\"\n      }\n  }"
						},
						"url": {
							"raw": "{{serverURL}}/v1/campus",
							"host": [
								"{{serverURL}}"
							],
							"path": [
								"v1",
								"campus"
							]
						},
						"description": "Register users"
					},
					"response": []
				},
				{
					"name": "GetCampusGradesByName",
					"request": {
						"method": "POST",
						"header": [
							{
								"key": "Authorization",
								"type": "text",
								"value": "eyJhbGciOiJIUzI1NiJ9.eyJ1c2VyX2lkIjoxLCJleHAiOjE1Nzc1NjUxNDQsImVtYWlsIjoib3NjYXJAbWFpbC5jb20ifQ.gb-O1ulE9_wNJ-Y57K2I7hzzajurIWV_fLEy8PVnYtU"
							},
							{
								"key": "Content-Type",
								"name": "Content-Type",
								"value": "application/json",
								"type": "text"
							}
						],
						"body": {
							"mode": "raw",
							"raw": "  { \"names\": [\"BARRAGAN\", \"SENDERO\"] }\n  ",
							"options": {
								"raw": {
									"language": "json"
								}
							}
						},
						"url": {
							"raw": "{{serverURL}}/v1/campus/grades/by_name",
							"host": [
								"{{serverURL}}"
							],
							"path": [
								"v1",
								"campus",
								"grades",
								"by_name"
							]
						},
						"description": "Show kid"
					},
					"response": []
				},
				{
					"name": "GetCampusGroupsByNameAndGrades",
					"request": {
						"method": "POST",
						"header": [
							{
								"key": "Authorization",
								"type": "text",
								"value": "eyJhbGciOiJIUzI1NiJ9.eyJ1c2VyX2lkIjoxLCJleHAiOjE1Nzc1NjUxNDQsImVtYWlsIjoib3NjYXJAbWFpbC5jb20ifQ.gb-O1ulE9_wNJ-Y57K2I7hzzajurIWV_fLEy8PVnYtU"
							},
							{
								"key": "Content-Type",
								"name": "Content-Type",
								"type": "text",
								"value": "application/json"
							}
						],
						"body": {
							"mode": "raw",
							"raw": "  { \n  \t\"names\": [\"BARRAGAN\", \"SENDERO\"],\n  \t\"grades\": [\"2\",\"3\"]\n  }\n  "
						},
						"url": {
							"raw": "{{serverURL}}/v1/campus/groups/by_name_and_grade",
							"host": [
								"{{serverURL}}"
							],
							"path": [
								"v1",
								"campus",
								"groups",
								"by_name_and_grade"
							]
						},
						"description": "Show kid"
					},
					"response": []
				},
				{
					"name": "GetCampusGroupsByNameAndGrades Copy",
					"request": {
						"method": "DELETE",
						"header": [
							{
								"key": "Authorization",
								"type": "text",
								"value": "eyJhbGciOiJIUzI1NiJ9.eyJ1c2VyX2lkIjoxLCJleHAiOjE1Nzc1NjUxNDQsImVtYWlsIjoib3NjYXJAbWFpbC5jb20ifQ.gb-O1ulE9_wNJ-Y57K2I7hzzajurIWV_fLEy8PVnYtU"
							},
							{
								"key": "Content-Type",
								"name": "Content-Type",
								"type": "text",
								"value": "application/json"
							}
						],
						"body": {
							"mode": "raw",
							"raw": "  { \n  \t\"names\": [\"BARRAGAN\", \"SENDERO\"]\n  }\n  "
						},
						"url": {
							"raw": "{{serverURL}}/v1/campus/by_name",
							"host": [
								"{{serverURL}}"
							],
							"path": [
								"v1",
								"campus",
								"by_name"
							]
						},
						"description": "Show kid"
					},
					"response": []
				}
			],
			"protocolProfileBehavior": {}
		},
		{
			"name": "Get all family keys",
			"request": {
				"method": "GET",
				"header": [
					{
						"key": "Authorization",
						"type": "text",
						"value": "eyJhbGciOiJIUzI1NiJ9.eyJ1c2VyX2lkIjoxLCJleHAiOjE1NzAyOTUwNjYsImVtYWlsIjoib3NjYXJAbWFpbC5jb20ifQ.f8QXamS-D2oUW_Y9Lav5cTQQBCzZewCNE0V3XUC9UcU"
					}
				],
				"url": {
					"raw": "{{serverURL}}/v1/all_family_keys",
					"host": [
						"{{serverURL}}"
					],
					"path": [
						"v1",
						"all_family_keys"
					]
				}
			},
			"response": []
		}
	],
	"auth": {
		"type": "bearer",
		"bearer": [
			{
				"key": "token",
				"value": "eyJhbGciOiJIUzI1NiJ9.eyJ1c2VyX2lkIjoxLCJleHAiOjE1Nzk1ODI5MTUsImVtYWlsIjoib3NjYXJAbWFpbC5jb20ifQ.AkBsv7IzEohNcdCSGgGPcFIGqcQFy2YNIxlQdmiEFPc",
				"type": "string"
			}
		]
	},
	"event": [
		{
			"listen": "prerequest",
			"script": {
				"id": "cd6bd0e2-91d0-458c-be25-40cb957f2206",
				"type": "text/javascript",
				"exec": [
					""
				]
			}
		},
		{
			"listen": "test",
			"script": {
				"id": "2dd11623-f88c-418f-a226-f4123c12145b",
				"type": "text/javascript",
				"exec": [
					""
				]
			}
		}
	],
	"variable": [
		{
			"id": "bda79249-e033-40f4-a7a4-fb574d9ed4fa",
			"key": "serverURL",
			"value": "https://oxford-app-api.herokuapp.com",
			"type": "string"
		}
	],
	"protocolProfileBehavior": {}
}